"CAVS_CODE","CAAB_CODE","NAMES_VARIOUS","SCIENTIFIC_NAME","FAMILY","GENUS","SUBGENUS","SPECIES","SUBSPECIES","NAME_TYPE","NAME_SUBTYPE","RANK","QUALIFICATION","AUTHOR","YEAR","ORIG_COMBINATION","NAME_GUID","NAME_LAST_UPDATE","TAXON_GUID","TAXON_LAST_UPDATE","PARENT_TAXON_GUID","CONCEPT_GUID","PUB_PUB_AUTHOR","PUB_PUB_YEAR","PUB_PUB_TITLE","PUB_PUB_PAGES","PUB_PUB_PARENT_BOOK_TITLE","PUB_PUB_PARENT_JOURNAL_TITLE","PUB_PUB_PARENT_ARTICLE_TITLE","PUB_PUB_PUBLICATION_DATE","PUB_PUB_PUBLISHER","PUB_PUB_FORMATTED","PUB_PUB_QUALIFICATION","PUB_PUB_TYPE","PUBLICATION_GUID","PUBLICATION_LAST_UPDATE","PARENT_PUBLICATION_GUID"
"","","ARCHAEIDAE","ARCHAEIDAE C.L. Koch & Berendt, 1854","ARCHAEIDAE","","","","","Valid Name","","Family","","C.L. Koch & Berendt","1854","Y","ed2072df-796c-4240-9cbc-c648ca0af9e3","20200909T08:37:50.878+0000","1c52c711-6655-40bd-89ac-1dea2f8be0d3","20201015T04:02:32.165+0000","e3ceb6fe-0f7d-4df3-bd4b-87c688c6c3f5","1c52c711-6655-40bd-89ac-1dea2f8be0d3","","","","","","","","","","","","","","",""
"","","Pelican Spiders","","","","","","","Common Name","General","Family","","","","","b0af2073-3205-4044-82e7-fe07089fd1c1","20200909T08:37:50.878+0000","1c52c711-6655-40bd-89ac-1dea2f8be0d3","20201015T04:02:32.165+0000","","","","","","","","","","","","","","","","",""
"","","Zephyrarchaea","Zephyrarchaea Rix & Harvey, 2012","ARCHAEIDAE","Zephyrarchaea","","","","Valid Name","","Genus","","Rix & Harvey","2012","Y","58485700-f2f8-4ef3-94eb-6bed9f15c329","20200909T08:37:50.878+0000","96d37dbc-ee52-4dde-9558-6624346d6f1a","20201015T04:02:32.165+0000","1c52c711-6655-40bd-89ac-1dea2f8be0d3","96d37dbc-ee52-4dde-9558-6624346d6f1a","","","","","","","","","","","","","","",""
"","","Assassin Spiders","","","","","","","Common Name","Preferred","Genus","","","","","ca17eea2-da7a-43ff-bfd1-810947120cc4","20200909T08:37:50.878+0000","96d37dbc-ee52-4dde-9558-6624346d6f1a","20201015T04:02:32.165+0000","","75a35007-a9fe-43e2-a5ad-7420368a04eb","Rix, M.G. & Harvey, M.S.","2012","Australasian Assassins, Part II. A review of the new assassin spider genus <i>Zephyrarchaea</i> (Araneae: Archaeidae)","1-62","","ZooKeys","","7 May 2012","","<!--MARK--><a href='../../../../publication/6d1f46b9-ac79-4fe6-a85f-6e0fa4df6340' class='mouseoverHref'>Rix, M.G. & Harvey, M.S. 2012. Australasian Assassins, Part II. A review of the new assassin spider genus <i>Zephyrarchaea</i> (Araneae: Archaeidae).</a> <!--MARK--><!--MARK--><a href='../../../../publication/8cb7bef9-51f4-441c-a060-649dc8095e71' class='mouseoverHref'><em>ZooKeys</em></a> <strong>19</strong>: 1-62<!--MARK--> [Date published 7 May 2012]","","Article in Journal","6d1f46b9-ac79-4fe6-a85f-6e0fa4df6340","20120618T00:34:13.144+0000","8cb7bef9-51f4-441c-a060-649dc8095e71"
"","","Zephyrarchaea","Zephyrarchaea Rix & Harvey, 2012","","Zephyrarchaea","","","","Synonym","synonym","Genus","","Rix & Harvey","2012","Y","dbfa0845-9835-4a23-b1dd-cda545654c0f","20200909T08:37:50.878+0000","96d37dbc-ee52-4dde-9558-6624346d6f1a","20201015T04:02:32.165+0000","","dbfadcef-f6b1-496c-a2e8-172579175e22","Rix, M.G. & Harvey, M.S.","2012","Australasian Assassins, Part II. A review of the new assassin spider genus <i>Zephyrarchaea</i> (Araneae: Archaeidae)","1-62","","ZooKeys","","7 May 2012","","<!--MARK--><a href='../../../../publication/6d1f46b9-ac79-4fe6-a85f-6e0fa4df6340' class='mouseoverHref'>Rix, M.G. & Harvey, M.S. 2012. Australasian Assassins, Part II. A review of the new assassin spider genus <i>Zephyrarchaea</i> (Araneae: Archaeidae).</a> <!--MARK--><!--MARK--><a href='../../../../publication/8cb7bef9-51f4-441c-a060-649dc8095e71' class='mouseoverHref'><em>ZooKeys</em></a> <strong>19</strong>: 1-62<!--MARK--> [Date published 7 May 2012]","","Article in Journal","6d1f46b9-ac79-4fe6-a85f-6e0fa4df6340","20120618T00:34:13.144+0000","8cb7bef9-51f4-441c-a060-649dc8095e71"
"","","austini","Zephyrarchaea austini Rix & Harvey, 2012","ARCHAEIDAE","Zephyrarchaea","","austini","","Valid Name","","Species","","Rix & Harvey","2012","Y","95f55353-feb0-440a-ac3d-d01172c58ba2","20200909T08:37:50.878+0000","9a446b93-6444-47df-935f-fc42fe5962b0","20201015T04:02:32.165+0000","96d37dbc-ee52-4dde-9558-6624346d6f1a","9a446b93-6444-47df-935f-fc42fe5962b0","","","","","","","","","","","","","","",""
"","","austini","Zephyrarchaea austini Rix & Harvey, 2012","","Zephyrarchaea","","austini","","Synonym","synonym","Species","","Rix & Harvey","2012","Y","c2652a1f-39a5-455c-812b-f6b9fb29b404","20200909T08:37:50.878+0000","9a446b93-6444-47df-935f-fc42fe5962b0","20201015T04:02:32.165+0000","","892ca01f-85d6-493a-b0b7-772cde7e6cda","Rix, M.G. & Harvey, M.S.","2012","Australasian Assassins, Part II. A review of the new assassin spider genus <i>Zephyrarchaea</i> (Araneae: Archaeidae)","1-62","","ZooKeys","","7 May 2012","","<!--MARK--><a href='../../../../publication/6d1f46b9-ac79-4fe6-a85f-6e0fa4df6340' class='mouseoverHref'>Rix, M.G. & Harvey, M.S. 2012. Australasian Assassins, Part II. A review of the new assassin spider genus <i>Zephyrarchaea</i> (Araneae: Archaeidae).</a> <!--MARK--><!--MARK--><a href='../../../../publication/8cb7bef9-51f4-441c-a060-649dc8095e71' class='mouseoverHref'><em>ZooKeys</em></a> <strong>19</strong>: 1-62<!--MARK--> [Date published 7 May 2012]","","Article in Journal","6d1f46b9-ac79-4fe6-a85f-6e0fa4df6340","20120618T00:34:13.144+0000","8cb7bef9-51f4-441c-a060-649dc8095e71"
"","","barrettae","Zephyrarchaea barrettae Rix & Harvey, 2012","ARCHAEIDAE","Zephyrarchaea","","barrettae","","Valid Name","","Species","","Rix & Harvey","2012","Y","1af938e0-359e-4106-b9f8-3610ab56b549","20200909T08:37:50.878+0000","4c91c4db-7fa0-4e8d-aeab-02143ff25081","20201015T04:02:32.165+0000","96d37dbc-ee52-4dde-9558-6624346d6f1a","4c91c4db-7fa0-4e8d-aeab-02143ff25081","","","","","","","","","","","","","","",""
"","","barretrae","Zephyrarchaea barretrae Rix & Harvey, 2012","","Zephyrarchaea","","barretrae","","Synonym","synonym","Species","","Rix & Harvey","2012","Y","16fc274a-6f0d-4705-9def-129c5a313133","20200909T08:37:50.878+0000","4c91c4db-7fa0-4e8d-aeab-02143ff25081","20201015T04:02:32.165+0000","","4c0e3c66-81af-49a0-a2ae-99111dd2cdf2","Rix, M.G. & Harvey, M.S.","2012","Australasian Assassins, Part II. A review of the new assassin spider genus <i>Zephyrarchaea</i> (Araneae: Archaeidae)","1-62","","ZooKeys","","7 May 2012","","<!--MARK--><a href='../../../../publication/6d1f46b9-ac79-4fe6-a85f-6e0fa4df6340' class='mouseoverHref'>Rix, M.G. & Harvey, M.S. 2012. Australasian Assassins, Part II. A review of the new assassin spider genus <i>Zephyrarchaea</i> (Araneae: Archaeidae).</a> <!--MARK--><!--MARK--><a href='../../../../publication/8cb7bef9-51f4-441c-a060-649dc8095e71' class='mouseoverHref'><em>ZooKeys</em></a> <strong>19</strong>: 1-62<!--MARK--> [Date published 7 May 2012]","","Article in Journal","6d1f46b9-ac79-4fe6-a85f-6e0fa4df6340","20120618T00:34:13.144+0000","8cb7bef9-51f4-441c-a060-649dc8095e71"
"","","grayi","Zephyrarchaea grayi Rix & Harvey, 2012","ARCHAEIDAE","Zephyrarchaea","","grayi","","Valid Name","","Species","","Rix & Harvey","2012","Y","cd6ea72a-2495-4968-9241-7567b1f4fdcf","20200909T08:37:50.878+0000","6001a474-d66f-4646-93b6-5396cf15b272","20201015T04:02:32.165+0000","96d37dbc-ee52-4dde-9558-6624346d6f1a","6001a474-d66f-4646-93b6-5396cf15b272","","","","","","","","","","","","","","",""
"","","grayi","Zephyrarchaea grayi Rix & Harvey, 2012","","Zephyrarchaea","","grayi","","Synonym","synonym","Species","","Rix & Harvey","2012","Y","a195f0dd-d6d6-4fac-b345-814c4a456068","20200909T08:37:50.878+0000","6001a474-d66f-4646-93b6-5396cf15b272","20201015T04:02:32.165+0000","","8e0e486c-d831-4c24-a2a4-337cd12a066a","Rix, M.G. & Harvey, M.S.","2012","Australasian Assassins, Part II. A review of the new assassin spider genus <i>Zephyrarchaea</i> (Araneae: Archaeidae)","1-62","","ZooKeys","","7 May 2012","","<!--MARK--><a href='../../../../publication/6d1f46b9-ac79-4fe6-a85f-6e0fa4df6340' class='mouseoverHref'>Rix, M.G. & Harvey, M.S. 2012. Australasian Assassins, Part II. A review of the new assassin spider genus <i>Zephyrarchaea</i> (Araneae: Archaeidae).</a> <!--MARK--><!--MARK--><a href='../../../../publication/8cb7bef9-51f4-441c-a060-649dc8095e71' class='mouseoverHref'><em>ZooKeys</em></a> <strong>19</strong>: 1-62<!--MARK--> [Date published 7 May 2012]","","Article in Journal","6d1f46b9-ac79-4fe6-a85f-6e0fa4df6340","20120618T00:34:13.144+0000","8cb7bef9-51f4-441c-a060-649dc8095e71"
"","","janineae","Zephyrarchaea janineae Rix & Harvey, 2012","ARCHAEIDAE","Zephyrarchaea","","janineae","","Valid Name","","Species","","Rix & Harvey","2012","Y","f427e422-7dfd-43cb-bb1f-777f631ae16a","20200909T08:37:50.878+0000","e55c94e9-284e-42fe-8b01-c93d38575192","20201015T04:02:32.165+0000","96d37dbc-ee52-4dde-9558-6624346d6f1a","e55c94e9-284e-42fe-8b01-c93d38575192","","","","","","","","","","","","","","",""
"","","janineae","Zephyrarchaea janineae Rix & Harvey, 2012","","Zephyrarchaea","","janineae","","Synonym","synonym","Species","","Rix & Harvey","2012","Y","784700be-f1f9-4c43-9ba7-2889d2fcc8d1","20200909T08:37:50.878+0000","e55c94e9-284e-42fe-8b01-c93d38575192","20201015T04:02:32.165+0000","","97a1b445-3d52-4892-ac1e-02f3ad5853dc","Rix, M.G. & Harvey, M.S.","2012","Australasian Assassins, Part II. A review of the new assassin spider genus <i>Zephyrarchaea</i> (Araneae: Archaeidae)","1-62","","ZooKeys","","7 May 2012","","<!--MARK--><a href='../../../../publication/6d1f46b9-ac79-4fe6-a85f-6e0fa4df6340' class='mouseoverHref'>Rix, M.G. & Harvey, M.S. 2012. Australasian Assassins, Part II. A review of the new assassin spider genus <i>Zephyrarchaea</i> (Araneae: Archaeidae).</a> <!--MARK--><!--MARK--><a href='../../../../publication/8cb7bef9-51f4-441c-a060-649dc8095e71' class='mouseoverHref'><em>ZooKeys</em></a> <strong>19</strong>: 1-62<!--MARK--> [Date published 7 May 2012]","","Article in Journal","6d1f46b9-ac79-4fe6-a85f-6e0fa4df6340","20120618T00:34:13.144+0000","8cb7bef9-51f4-441c-a060-649dc8095e71"
"","","mainae","Zephyrarchaea mainae (Platnick, 1991)","ARCHAEIDAE","Zephyrarchaea","","mainae","","Valid Name","","Species","","Platnick","1991","N","cc607c33-dd88-4928-a836-88d5f86cebd2","20200909T08:37:50.878+0000","61b8777b-5cf6-4b41-9dbb-17c0295c516d","20201015T04:02:32.165+0000","96d37dbc-ee52-4dde-9558-6624346d6f1a","61b8777b-5cf6-4b41-9dbb-17c0295c516d","","","","","","","","","","","","","","",""
"","","mainae","Austrarchaea mainae Platnick, 1991","","Austrarchaea","","mainae","","Synonym","synonym","Species","","Platnick","1991","Y","f46fc023-fcf3-4c37-af97-82cccc2286d8","20200909T08:37:50.878+0000","61b8777b-5cf6-4b41-9dbb-17c0295c516d","20201015T04:02:32.165+0000","","bb79a472-e73e-4784-aae1-b4a0f5b53d62","Platnick, N.I.","1991","On Western Australian <i>Austrarchaea</i> (Araneae, Archaeidae)","259-261","","Bulletin of the British Arachnological Society","","","","<!--MARK--><a href='../../../../publication/2965fc88-1499-4997-84fe-b83225508e9c' class='mouseoverHref'>Platnick, N.I. 1991. On Western Australian <i>Austrarchaea</i> (Araneae, Archaeidae).</a> <!--MARK--><!--MARK--><a href='../../../../publication/25142cb4-190a-44aa-9982-0d1925299f78' class='mouseoverHref'><em>Bulletin of the British Arachnological Society</em></a> <strong>8</strong>: 259-261<!--MARK-->","","Article in Journal","2965fc88-1499-4997-84fe-b83225508e9c","20081009T05:11:37.000+0000","25142cb4-190a-44aa-9982-0d1925299f78"
"","","mainae","Zephyrarchaea mainae (Platnick, 1991)","","Zephyrarchaea","","mainae","","Generic Combination","","Species","","Platnick","1991","N","4b6df6e8-88ca-4f6b-8c1a-4a5dbeed6f1d","20200909T08:37:50.878+0000","61b8777b-5cf6-4b41-9dbb-17c0295c516d","20201015T04:02:32.165+0000","","283dd5c3-f104-42c9-b4c0-d8dbf77772e2","Rix, M.G. & Harvey, M.S.","2012","Australasian Assassins, Part II. A review of the new assassin spider genus <i>Zephyrarchaea</i> (Araneae: Archaeidae)","1-62","","ZooKeys","","7 May 2012","","<!--MARK--><a href='../../../../publication/6d1f46b9-ac79-4fe6-a85f-6e0fa4df6340' class='mouseoverHref'>Rix, M.G. & Harvey, M.S. 2012. Australasian Assassins, Part II. A review of the new assassin spider genus <i>Zephyrarchaea</i> (Araneae: Archaeidae).</a> <!--MARK--><!--MARK--><a href='../../../../publication/8cb7bef9-51f4-441c-a060-649dc8095e71' class='mouseoverHref'><em>ZooKeys</em></a> <strong>19</strong>: 1-62<!--MARK--> [Date published 7 May 2012]","","Article in Journal","6d1f46b9-ac79-4fe6-a85f-6e0fa4df6340","20120618T00:34:13.144+0000","8cb7bef9-51f4-441c-a060-649dc8095e71"
"","","marae","Zephyrarchaea marae Rix & Harvey, 2012","ARCHAEIDAE","Zephyrarchaea","","marae","","Valid Name","","Species","","Rix & Harvey","2012","Y","a9b2b86e-b478-4df7-a7c7-5e8f8ff7f391","20200909T08:37:50.878+0000","6a7dcb29-2953-46c9-9abd-b43e4df35684","20201015T04:02:32.165+0000","96d37dbc-ee52-4dde-9558-6624346d6f1a","6a7dcb29-2953-46c9-9abd-b43e4df35684","","","","","","","","","","","","","","",""
"","","marae","Zephyrarchaea marae Rix & Harvey, 2012","","Zephyrarchaea","","marae","","Synonym","synonym","Species","","Rix & Harvey","2012","Y","c92ad2b5-c58d-4ebc-874c-418588693d1e","20200909T08:37:50.878+0000","6a7dcb29-2953-46c9-9abd-b43e4df35684","20201015T04:02:32.165+0000","","8a004aef-af18-41d6-a73a-07be98a6947c","Rix, M.G. & Harvey, M.S.","2012","Australasian Assassins, Part II. A review of the new assassin spider genus <i>Zephyrarchaea</i> (Araneae: Archaeidae)","1-62","","ZooKeys","","7 May 2012","","<!--MARK--><a href='../../../../publication/6d1f46b9-ac79-4fe6-a85f-6e0fa4df6340' class='mouseoverHref'>Rix, M.G. & Harvey, M.S. 2012. Australasian Assassins, Part II. A review of the new assassin spider genus <i>Zephyrarchaea</i> (Araneae: Archaeidae).</a> <!--MARK--><!--MARK--><a href='../../../../publication/8cb7bef9-51f4-441c-a060-649dc8095e71' class='mouseoverHref'><em>ZooKeys</em></a> <strong>19</strong>: 1-62<!--MARK--> [Date published 7 May 2012]","","Article in Journal","6d1f46b9-ac79-4fe6-a85f-6e0fa4df6340","20120618T00:34:13.144+0000","8cb7bef9-51f4-441c-a060-649dc8095e71"
"","","marki","Zephyrarchaea marki Rix & Harvey, 2012","ARCHAEIDAE","Zephyrarchaea","","marki","","Valid Name","","Species","","Rix & Harvey","2012","Y","65189695-8ad8-46ff-bacd-5dabf2f00286","20200909T08:37:50.878+0000","c135a409-9030-4a3e-88a2-b42616ee0415","20201015T04:02:32.165+0000","96d37dbc-ee52-4dde-9558-6624346d6f1a","c135a409-9030-4a3e-88a2-b42616ee0415","","","","","","","","","","","","","","",""
"","","marki","Zephyrarchaea marki Rix & Harvey, 2012","","Zephyrarchaea","","marki","","Synonym","synonym","Species","","Rix & Harvey","2012","Y","b233e7fb-906d-4c42-be3e-e30e5abf01ec","20200909T08:37:50.878+0000","c135a409-9030-4a3e-88a2-b42616ee0415","20201015T04:02:32.165+0000","","742ccdfc-4732-434f-8bf1-84b55e7fd5f4","Rix, M.G. & Harvey, M.S.","2012","Australasian Assassins, Part II. A review of the new assassin spider genus <i>Zephyrarchaea</i> (Araneae: Archaeidae)","1-62","","ZooKeys","","7 May 2012","","<!--MARK--><a href='../../../../publication/6d1f46b9-ac79-4fe6-a85f-6e0fa4df6340' class='mouseoverHref'>Rix, M.G. & Harvey, M.S. 2012. Australasian Assassins, Part II. A review of the new assassin spider genus <i>Zephyrarchaea</i> (Araneae: Archaeidae).</a> <!--MARK--><!--MARK--><a href='../../../../publication/8cb7bef9-51f4-441c-a060-649dc8095e71' class='mouseoverHref'><em>ZooKeys</em></a> <strong>19</strong>: 1-62<!--MARK--> [Date published 7 May 2012]","","Article in Journal","6d1f46b9-ac79-4fe6-a85f-6e0fa4df6340","20120618T00:34:13.144+0000","8cb7bef9-51f4-441c-a060-649dc8095e71"
"","","melindae","Zephyrarchaea melindae Rix & Harvey, 2012","ARCHAEIDAE","Zephyrarchaea","","melindae","","Valid Name","","Species","","Rix & Harvey","2012","Y","75d5323f-a2e6-4df2-8ff7-8a3675b55f73","20200909T08:37:50.878+0000","df8d4917-5f1f-4882-8895-b7303001f322","20201015T04:02:32.165+0000","96d37dbc-ee52-4dde-9558-6624346d6f1a","df8d4917-5f1f-4882-8895-b7303001f322","","","","","","","","","","","","","","",""
"","","melindae","Zephyrarchaea melindae Rix & Harvey, 2012","","Zephyrarchaea","","melindae","","Synonym","synonym","Species","","Rix & Harvey","2012","Y","a772ad08-ed7a-43a7-84e1-fde98b895f2c","20200909T08:37:50.878+0000","df8d4917-5f1f-4882-8895-b7303001f322","20201015T04:02:32.165+0000","","8a5c915a-6078-4469-9003-38832aaaa552","Rix, M.G. & Harvey, M.S.","2012","Australasian Assassins, Part II. A review of the new assassin spider genus <i>Zephyrarchaea</i> (Araneae: Archaeidae)","1-62","","ZooKeys","","7 May 2012","","<!--MARK--><a href='../../../../publication/6d1f46b9-ac79-4fe6-a85f-6e0fa4df6340' class='mouseoverHref'>Rix, M.G. & Harvey, M.S. 2012. Australasian Assassins, Part II. A review of the new assassin spider genus <i>Zephyrarchaea</i> (Araneae: Archaeidae).</a> <!--MARK--><!--MARK--><a href='../../../../publication/8cb7bef9-51f4-441c-a060-649dc8095e71' class='mouseoverHref'><em>ZooKeys</em></a> <strong>19</strong>: 1-62<!--MARK--> [Date published 7 May 2012]","","Article in Journal","6d1f46b9-ac79-4fe6-a85f-6e0fa4df6340","20120618T00:34:13.144+0000","8cb7bef9-51f4-441c-a060-649dc8095e71"
"","","porchi","Zephyrarchaea porchi Rix & Harvey, 2012","ARCHAEIDAE","Zephyrarchaea","","porchi","","Valid Name","","Species","","Rix & Harvey","2012","Y","a0966672-210d-454a-906a-066892ef72ff","20200909T08:37:50.878+0000","7141019e-7c44-4154-9a88-78ebcdb923eb","20201015T04:02:32.165+0000","96d37dbc-ee52-4dde-9558-6624346d6f1a","7141019e-7c44-4154-9a88-78ebcdb923eb","","","","","","","","","","","","","","",""
"","","porchi","Zephyrarchaea porchi Rix & Harvey, 2012","","Zephyrarchaea","","porchi","","Synonym","synonym","Species","","Rix & Harvey","2012","Y","49459983-ae20-46f1-8cd7-9390f40d4177","20200909T08:37:50.878+0000","7141019e-7c44-4154-9a88-78ebcdb923eb","20201015T04:02:32.165+0000","","458dae02-c548-4405-82a3-e59055c6781a","Rix, M.G. & Harvey, M.S.","2012","Australasian Assassins, Part II. A review of the new assassin spider genus <i>Zephyrarchaea</i> (Araneae: Archaeidae)","1-62","","ZooKeys","","7 May 2012","","<!--MARK--><a href='../../../../publication/6d1f46b9-ac79-4fe6-a85f-6e0fa4df6340' class='mouseoverHref'>Rix, M.G. & Harvey, M.S. 2012. Australasian Assassins, Part II. A review of the new assassin spider genus <i>Zephyrarchaea</i> (Araneae: Archaeidae).</a> <!--MARK--><!--MARK--><a href='../../../../publication/8cb7bef9-51f4-441c-a060-649dc8095e71' class='mouseoverHref'><em>ZooKeys</em></a> <strong>19</strong>: 1-62<!--MARK--> [Date published 7 May 2012]","","Article in Journal","6d1f46b9-ac79-4fe6-a85f-6e0fa4df6340","20120618T00:34:13.144+0000","8cb7bef9-51f4-441c-a060-649dc8095e71"
"","","robinsi","Zephyrarchaea robinsi (Harvey, 2002)","ARCHAEIDAE","Zephyrarchaea","","robinsi","","Valid Name","","Species","","Harvey","2002","N","287c4594-2545-46d8-8da3-6781f7928fd3","20200909T08:37:50.878+0000","038e56d8-912f-4bd9-a80b-91c5399ffad0","20201015T04:02:32.165+0000","96d37dbc-ee52-4dde-9558-6624346d6f1a","038e56d8-912f-4bd9-a80b-91c5399ffad0","","","","","","","","","","","","","","",""
"","","robinsi","Austrarchaea robinsi Harvey, 2002","","Austrarchaea","","robinsi","","Synonym","synonym","Species","","Harvey","2002","Y","930b88b9-5514-4c18-a4ee-44fc29e49760","20200909T08:37:50.878+0000","038e56d8-912f-4bd9-a80b-91c5399ffad0","20201015T04:02:32.165+0000","","06e36355-5cb3-4482-8f1a-84e0e34f1b18","Harvey, M.S.","2002","A new species of <i>Austrarchaea</i> (Araneae: Archaeidae) from Western Australia","35-37","","Records of the Western Australian Museum","","","","<!--MARK--><a href='../../../../publication/dc9e1738-d98e-4f70-bd65-b35ec3522e64' class='mouseoverHref'>Harvey, M.S. 2002. A new species of <i>Austrarchaea</i> (Araneae: Archaeidae) from Western Australia.</a> <!--MARK--><!--MARK--><a href='../../../../publication/a2cbd1fb-97d5-493a-a1d7-c2b99709890b' class='mouseoverHref'><em>Records of the Western Australian Museum</em></a> <strong>21</strong>: 35-37<!--MARK-->","","Article in Journal","dc9e1738-d98e-4f70-bd65-b35ec3522e64","20081009T05:11:37.000+0000","a2cbd1fb-97d5-493a-a1d7-c2b99709890b"
"","","robinsi","Zephryarchaea robinsi (Harvey, 2002)","","Zephryarchaea","","robinsi","","Generic Combination","","Species","","Harvey","2002","N","5fe68203-17fe-4dc0-b13e-772bba8b585b","20200909T08:37:50.878+0000","038e56d8-912f-4bd9-a80b-91c5399ffad0","20201015T04:02:32.165+0000","","d862353c-33fb-47bc-92ca-0e3b05232240","Rix, M.G. & Harvey, M.S.","2012","Australasian Assassins, Part II. A review of the new assassin spider genus <i>Zephyrarchaea</i> (Araneae: Archaeidae)","1-62","","ZooKeys","","7 May 2012","","<!--MARK--><a href='../../../../publication/6d1f46b9-ac79-4fe6-a85f-6e0fa4df6340' class='mouseoverHref'>Rix, M.G. & Harvey, M.S. 2012. Australasian Assassins, Part II. A review of the new assassin spider genus <i>Zephyrarchaea</i> (Araneae: Archaeidae).</a> <!--MARK--><!--MARK--><a href='../../../../publication/8cb7bef9-51f4-441c-a060-649dc8095e71' class='mouseoverHref'><em>ZooKeys</em></a> <strong>19</strong>: 1-62<!--MARK--> [Date published 7 May 2012]","","Article in Journal","6d1f46b9-ac79-4fe6-a85f-6e0fa4df6340","20120618T00:34:13.144+0000","8cb7bef9-51f4-441c-a060-649dc8095e71"
"","","vichickmani","Zephyrarchaea vichickmani Rix & Harvey, 2012","ARCHAEIDAE","Zephyrarchaea","","vichickmani","","Valid Name","","Species","","Rix & Harvey","2012","Y","12f5265c-59f6-4d55-b1a6-1093b1fbf451","20200909T08:37:50.878+0000","dc96a571-3635-455f-819a-e13b9cbe572e","20201015T04:02:32.165+0000","96d37dbc-ee52-4dde-9558-6624346d6f1a","dc96a571-3635-455f-819a-e13b9cbe572e","","","","","","","","","","","","","","",""
"","","vichickmani","Zephyrarchaea vichickmani Rix & Harvey, 2012","","Zephyrarchaea","","vichickmani","","Synonym","synonym","Species","","Rix & Harvey","2012","Y","e8d34ac5-453e-4e7d-babc-8f4459d6ae8b","20200909T08:37:50.878+0000","dc96a571-3635-455f-819a-e13b9cbe572e","20201015T04:02:32.165+0000","","43c6d78a-9e05-43d4-8b8c-3fc86e096d48","Rix, M.G. & Harvey, M.S.","2012","Australasian Assassins, Part II. A review of the new assassin spider genus <i>Zephyrarchaea</i> (Araneae: Archaeidae)","1-62","","ZooKeys","","7 May 2012","","<!--MARK--><a href='../../../../publication/6d1f46b9-ac79-4fe6-a85f-6e0fa4df6340' class='mouseoverHref'>Rix, M.G. & Harvey, M.S. 2012. Australasian Assassins, Part II. A review of the new assassin spider genus <i>Zephyrarchaea</i> (Araneae: Archaeidae).</a> <!--MARK--><!--MARK--><a href='../../../../publication/8cb7bef9-51f4-441c-a060-649dc8095e71' class='mouseoverHref'><em>ZooKeys</em></a> <strong>19</strong>: 1-62<!--MARK--> [Date published 7 May 2012]","","Article in Journal","6d1f46b9-ac79-4fe6-a85f-6e0fa4df6340","20120618T00:34:13.144+0000","8cb7bef9-51f4-441c-a060-649dc8095e71"
"","","Unplaced","Unplaced Synonym(s)","ARCHAEIDAE","Zephyrarchaea","","Unplaced","","Valid Name","","Species","","","","Y","0af27b1a-3f97-4706-9851-2000ea1dcf25","20200909T08:37:50.878+0000","d6f3290e-0695-40b1-83fe-1eb93122354f","20201015T04:02:32.165+0000","96d37dbc-ee52-4dde-9558-6624346d6f1a","d6f3290e-0695-40b1-83fe-1eb93122354f","","","","","","","","","","","","","","",""
"","","hickmani","Archaea hickmani Butler, 1929","","Archaea","","hickmani","","Synonym","synonym","Unplaced to","listed as <i>nomen dubium</i> by Rix & Harvey (2012: 22-23)","Butler","1929","Y","9e37fd3a-5846-4fd9-bc8f-eec18334f220","20200909T08:37:50.878+0000","d6f3290e-0695-40b1-83fe-1eb93122354f","20201015T04:02:32.165+0000","","79a4f4c4-7ee4-4e6d-8f96-f3ec178e8795","Butler, L.S.G.","1929","Studies in Victorian Spiders. No. 1","41-52","","Proceedings of the Royal Society of Victoria","","","","<!--MARK--><a href='../../../../publication/8094f2aa-0427-4a76-8819-8b651694ccc5' class='mouseoverHref'>Butler, L.S.G. 1929. Studies in Victorian Spiders. No. 1.</a> <!--MARK--><!--MARK--><a href='../../../../publication/ce333794-3a02-427f-ba27-346079f1efa0' class='mouseoverHref'><em>Proceedings of the Royal Society of Victoria</em></a> ns <strong>42</strong>: 41-52<!--MARK-->","","Article in Journal","8094f2aa-0427-4a76-8819-8b651694ccc5","20120625T22:36:34.239+0000","ce333794-3a02-427f-ba27-346079f1efa0"
"","","Austrarchaea","Austrarchaea Forster & Platnick, 1984","ARCHAEIDAE","Austrarchaea","","","","Valid Name","","Genus","","Forster & Platnick","1984","Y","c11f83b7-1776-4f54-b6f5-906177c4621c","20200909T08:37:50.878+0000","db818fed-3153-4a60-bebc-f58beeab5fe2","20201015T04:02:32.165+0000","1c52c711-6655-40bd-89ac-1dea2f8be0d3","db818fed-3153-4a60-bebc-f58beeab5fe2","","","","","","","","","","","","","","",""
"","","Austrarchaea","Austrarchaea Forster & Platnick, 1984","","Austrarchaea","","","","Synonym","synonym","Genus","","Forster & Platnick","1984","Y","b288e2c9-03c3-46fd-87b2-2ab6caaea199","20200909T08:37:50.878+0000","db818fed-3153-4a60-bebc-f58beeab5fe2","20201015T04:02:32.165+0000","","23135357-0889-4835-bcb8-ea2c8bcce0f2","Forster, R.R. & Platnick, N.I.","1984","A review of the archaeid spiders and their relatives, with notes on the limits of the Superfamily Palpimanoidea (Arachnida, Araneae)","1-106","","Bulletin of the American Museum of Natural History","","","","<!--MARK--><a href='../../../../publication/8a92cf96-13dd-4221-ac7a-1b395db0a424' class='mouseoverHref'>Forster, R.R. & Platnick, N.I. 1984. A review of the archaeid spiders and their relatives, with notes on the limits of the Superfamily Palpimanoidea (Arachnida, Araneae).</a> <!--MARK--><!--MARK--><a href='../../../../publication/fb7ce990-e955-4634-bf04-a37f265e0778' class='mouseoverHref'><em>Bulletin of the American Museum of Natural History</em></a> <strong>178</strong>: 1-106<!--MARK-->","","Article in Journal","8a92cf96-13dd-4221-ac7a-1b395db0a424","20081009T05:11:37.000+0000","fb7ce990-e955-4634-bf04-a37f265e0778"
"","","griswoldi","Austrarchaea griswoldi Rix & Harvey, 2012","ARCHAEIDAE","Austrarchaea","","griswoldi","","Valid Name","","Species","","Rix & Harvey","2012","Y","6bf7d6b6-b890-4a34-919a-ca4a74025b95","20200909T08:37:50.878+0000","d4185461-35a5-449b-9a5e-05838fbe72da","20201015T04:02:32.165+0000","db818fed-3153-4a60-bebc-f58beeab5fe2","d4185461-35a5-449b-9a5e-05838fbe72da","","","","","","","","","","","","","","",""
"","","griswoldi","Austrarchaea griswoldi Rix & Harvey, 2012","ARCHAEIDAE","Austrarchaea","","griswoldi","","Synonym","synonym","Species","","Rix & Harvey","2012","Y","209cd804-5df8-4251-a413-180216fbd99d","20200909T08:37:50.878+0000","d4185461-35a5-449b-9a5e-05838fbe72da","20201015T04:02:32.165+0000","","5ba39b61-5e20-4a6f-8494-8055c7bd2d76","Rix, M.G. & Harvey, M.S.","2012","Australian Assassins, Part III: A review of the Assassin Spiders (Araneae, Archaeidae) of tropical north-eastern Queensland","1-55","","ZooKeys","","","","<!--MARK--><a href='../../../../publication/5a1e14eb-0b95-4c77-bb45-efeb5fb3475e' class='mouseoverHref'>Rix, M.G. & Harvey, M.S. 2012. Australian Assassins, Part III: A review of the Assassin Spiders (Araneae, Archaeidae) of tropical north-eastern Queensland.</a> <!--MARK--><!--MARK--><a href='../../../../publication/8cb7bef9-51f4-441c-a060-649dc8095e71' class='mouseoverHref'><em>ZooKeys</em></a> <strong>218</strong>: 1-55<!--MARK-->","","Article in Journal","5a1e14eb-0b95-4c77-bb45-efeb5fb3475e","20130821T04:10:42.680+0000","8cb7bef9-51f4-441c-a060-649dc8095e71"
"","","alani","Austrarchaea alani Rix & Harvey, 2011","ARCHAEIDAE","Austrarchaea","","alani","","Valid Name","","Species","","Rix & Harvey","2011","Y","0589375e-f170-42ed-a40e-673e63ded455","20200909T08:37:50.878+0000","2cfcdab8-7ccf-4fd5-a95b-ddf903e1d38e","20201015T04:02:32.165+0000","db818fed-3153-4a60-bebc-f58beeab5fe2","2cfcdab8-7ccf-4fd5-a95b-ddf903e1d38e","","","","","","","","","","","","","","",""
"","","Kroombit Tops Assassin Spider","","","","","","","Common Name","Preferred","Species","","","","","3a128822-5d60-4eb5-85dc-6ee7570d51d2","20200909T08:37:50.878+0000","2cfcdab8-7ccf-4fd5-a95b-ddf903e1d38e","20201015T04:02:32.165+0000","","","","","","","","","","","","","","","","",""
"","","alani","Austrarchaea alani Rix & Harvey, 2011","ARCHAEIDAE","Austrarchaea","","alani","","Synonym","synonym","Species","","Rix & Harvey","2011","Y","1a71380d-4e85-47cd-9026-6dec12ec2281","20200909T08:37:50.878+0000","2cfcdab8-7ccf-4fd5-a95b-ddf903e1d38e","20201015T04:02:32.165+0000","","546ae024-ffef-4e58-8189-9677c514d8e7","Rix, M.G. & Harvey, M.S.","2011","Australian Assassins, Part I: A review of the Assassin Spiders (Araneae, Archaeidae) of mid-eastern Australia","1-100","","ZooKeys","","15 August 2011","","<!--MARK--><a href='../../../../publication/64908f75-456b-4da8-a82b-c569b4806c22' class='mouseoverHref'>Rix, M.G. & Harvey, M.S. 2011. Australian Assassins, Part I: A review of the Assassin Spiders (Araneae, Archaeidae) of mid-eastern Australia.</a> <!--MARK--><!--MARK--><a href='../../../../publication/8cb7bef9-51f4-441c-a060-649dc8095e71' class='mouseoverHref'><em>ZooKeys</em></a> <strong>123</strong>: 1-100<!--MARK--> [Date published 15 August 2011]","","Article in Journal","64908f75-456b-4da8-a82b-c569b4806c22","20120617T23:14:14.592+0000","8cb7bef9-51f4-441c-a060-649dc8095e71"
"","","aleenae","Austrarchaea aleenae Rix & Harvey, 2011","ARCHAEIDAE","Austrarchaea","","aleenae","","Valid Name","","Species","","Rix & Harvey","2011","Y","ffeb4dd7-3f4f-4b9c-b5eb-28203091449a","20200909T08:37:50.878+0000","fbfc4d0b-52eb-4f82-943f-3c14325852a3","20201015T04:02:32.165+0000","db818fed-3153-4a60-bebc-f58beeab5fe2","fbfc4d0b-52eb-4f82-943f-3c14325852a3","","","","","","","","","","","","","","",""
"","","Bulburin Assassin Spider","","","","","","","Common Name","Preferred","Species","","","","","a5e88ccc-4083-48fd-9343-c699bec2decf","20200909T08:37:50.878+0000","fbfc4d0b-52eb-4f82-943f-3c14325852a3","20201015T04:02:32.165+0000","","","","","","","","","","","","","","","","",""
"","","aleenae","Austrarchaea aleenae Rix & Harvey, 2011","ARCHAEIDAE","Austrarchaea","","aleenae","","Synonym","synonym","Species","","Rix & Harvey","2011","Y","944b71d4-306a-4ba0-91b6-448a1bf4734f","20200909T08:37:50.878+0000","fbfc4d0b-52eb-4f82-943f-3c14325852a3","20201015T04:02:32.165+0000","","a7ea1d82-83a0-43c6-a4df-4498e4f1e55f","Rix, M.G. & Harvey, M.S.","2011","Australian Assassins, Part I: A review of the Assassin Spiders (Araneae, Archaeidae) of mid-eastern Australia","1-100","","ZooKeys","","15 August 2011","","<!--MARK--><a href='../../../../publication/64908f75-456b-4da8-a82b-c569b4806c22' class='mouseoverHref'>Rix, M.G. & Harvey, M.S. 2011. Australian Assassins, Part I: A review of the Assassin Spiders (Araneae, Archaeidae) of mid-eastern Australia.</a> <!--MARK--><!--MARK--><a href='../../../../publication/8cb7bef9-51f4-441c-a060-649dc8095e71' class='mouseoverHref'><em>ZooKeys</em></a> <strong>123</strong>: 1-100<!--MARK--> [Date published 15 August 2011]","","Article in Journal","64908f75-456b-4da8-a82b-c569b4806c22","20120617T23:14:14.592+0000","8cb7bef9-51f4-441c-a060-649dc8095e71"
"","","binfordae","Austrarchaea binfordae Rix & Harvey, 2011","ARCHAEIDAE","Austrarchaea","","binfordae","","Valid Name","","Species","","Rix & Harvey","2011","Y","3f63adc0-46da-4e43-9a0f-99bfa8701b7b","20200909T08:37:50.878+0000","fa0bc0cd-5ed9-4ccb-893d-d102d78dacef","20201015T04:02:32.165+0000","db818fed-3153-4a60-bebc-f58beeab5fe2","fa0bc0cd-5ed9-4ccb-893d-d102d78dacef","","","","","","","","","","","","","","",""
"","","binfordae","Austrarchaea binfordae Rix & Harvey, 2011","ARCHAEIDAE","Austrarchaea","","binfordae","","Synonym","synonym","Species","","Rix & Harvey","2011","Y","c2a1b1d6-8a71-449f-afd8-f49e6a9b209c","20200909T08:37:50.878+0000","fa0bc0cd-5ed9-4ccb-893d-d102d78dacef","20201015T04:02:32.165+0000","","","","","","","","","","","","","","","","",""
"","","christopheri","Austrarchaea christopheri Rix & Harvey, 2011","ARCHAEIDAE","Austrarchaea","","christopheri","","Valid Name","","Species","","Rix & Harvey","2011","Y","25e7bcb1-3d57-4758-a07a-4d01ad824dd9","20200909T08:37:50.878+0000","1be39ae6-4884-4e9b-89ea-a466d6930aed","20201015T04:02:32.165+0000","db818fed-3153-4a60-bebc-f58beeab5fe2","1be39ae6-4884-4e9b-89ea-a466d6930aed","","","","","","","","","","","","","","",""
"","","Dorrigo Assassin Spider","","","","","","","Common Name","Preferred","Species","","","","","b094727c-3e9b-485a-a92c-a9cddf2e8df4","20200909T08:37:50.878+0000","1be39ae6-4884-4e9b-89ea-a466d6930aed","20201015T04:02:32.165+0000","","","","","","","","","","","","","","","","",""
"","","christopheri","Austrarchaea christopheri Rix & Harvey, 2011","","Austrarchaea","","christopheri","","Synonym","synonym","Species","","Rix & Harvey","2011","Y","cf2aa00c-e364-45f6-bcff-f468c0210719","20200909T08:37:50.878+0000","1be39ae6-4884-4e9b-89ea-a466d6930aed","20201015T04:02:32.165+0000","","a765c556-624b-4e59-b963-5362a3fa36ab","Rix, M.G. & Harvey, M.S.","2011","Australian Assassins, Part I: A review of the Assassin Spiders (Araneae, Archaeidae) of mid-eastern Australia","1-100","","ZooKeys","","15 August 2011","","<!--MARK--><a href='../../../../publication/64908f75-456b-4da8-a82b-c569b4806c22' class='mouseoverHref'>Rix, M.G. & Harvey, M.S. 2011. Australian Assassins, Part I: A review of the Assassin Spiders (Araneae, Archaeidae) of mid-eastern Australia.</a> <!--MARK--><!--MARK--><a href='../../../../publication/8cb7bef9-51f4-441c-a060-649dc8095e71' class='mouseoverHref'><em>ZooKeys</em></a> <strong>123</strong>: 1-100<!--MARK--> [Date published 15 August 2011]","","Article in Journal","64908f75-456b-4da8-a82b-c569b4806c22","20120617T23:14:14.592+0000","8cb7bef9-51f4-441c-a060-649dc8095e71"
"","","clyneae","Austrarchaea clyneae Rix & Harvey, 2011","ARCHAEIDAE","Austrarchaea","","clyneae","","Valid Name","","Species","","Rix & Harvey","2011","Y","f65dd1f0-137f-4f6c-853f-72134976cdc1","20200909T08:37:50.878+0000","4c1a97d5-fe67-4365-85f3-9a4efefa86b2","20201015T04:02:32.165+0000","db818fed-3153-4a60-bebc-f58beeab5fe2","4c1a97d5-fe67-4365-85f3-9a4efefa86b2","","","","","","","","","","","","","","",""
"","","clyneae","Austrarchaea clyneae Rix & Harvey, 2011","ARCHAEIDAE","Austrarchaea","","clyneae","","Synonym","synonym","Species","","Rix & Harvey","2011","Y","a499ea0e-7766-4f0d-b06c-b1a53b95831e","20200909T08:37:50.878+0000","4c1a97d5-fe67-4365-85f3-9a4efefa86b2","20201015T04:02:32.165+0000","","9d2a6715-5f2a-4ebf-9c47-9af050cd1043","Rix, M.G. & Harvey, M.S.","2011","Australian Assassins, Part I: A review of the Assassin Spiders (Araneae, Archaeidae) of mid-eastern Australia","1-100","","ZooKeys","","15 August 2011","","<!--MARK--><a href='../../../../publication/64908f75-456b-4da8-a82b-c569b4806c22' class='mouseoverHref'>Rix, M.G. & Harvey, M.S. 2011. Australian Assassins, Part I: A review of the Assassin Spiders (Araneae, Archaeidae) of mid-eastern Australia.</a> <!--MARK--><!--MARK--><a href='../../../../publication/8cb7bef9-51f4-441c-a060-649dc8095e71' class='mouseoverHref'><em>ZooKeys</em></a> <strong>123</strong>: 1-100<!--MARK--> [Date published 15 August 2011]","","Article in Journal","64908f75-456b-4da8-a82b-c569b4806c22","20120617T23:14:14.592+0000","8cb7bef9-51f4-441c-a060-649dc8095e71"
"","","cunninghami","Austrarchaea cunninghami Rix & Harvey, 2011","ARCHAEIDAE","Austrarchaea","","cunninghami","","Valid Name","","Species","","Rix & Harvey","2011","Y","126ed576-4f45-4325-a5ea-fbf19a87e6b5","20200909T08:37:50.878+0000","74123c42-618a-4b34-af4f-81e5d43319b7","20201015T04:02:32.165+0000","db818fed-3153-4a60-bebc-f58beeab5fe2","74123c42-618a-4b34-af4f-81e5d43319b7","","","","","","","","","","","","","","",""
"","","cunninghami","Austrarchaea cunninghami Rix & Harvey, 2011","ARCHAEIDAE","Austrarchaea","","cunninghami","","Synonym","synonym","Species","","Rix & Harvey","2011","Y","f6f300d1-49bd-413f-a320-e3e94e3ed66c","20200909T08:37:50.878+0000","74123c42-618a-4b34-af4f-81e5d43319b7","20201015T04:02:32.165+0000","","4fdd72ba-8f17-4085-b340-a2e4f69c0d2b","Rix, M.G. & Harvey, M.S.","2011","Australian Assassins, Part I: A review of the Assassin Spiders (Araneae, Archaeidae) of mid-eastern Australia","1-100","","ZooKeys","","15 August 2011","","<!--MARK--><a href='../../../../publication/64908f75-456b-4da8-a82b-c569b4806c22' class='mouseoverHref'>Rix, M.G. & Harvey, M.S. 2011. Australian Assassins, Part I: A review of the Assassin Spiders (Araneae, Archaeidae) of mid-eastern Australia.</a> <!--MARK--><!--MARK--><a href='../../../../publication/8cb7bef9-51f4-441c-a060-649dc8095e71' class='mouseoverHref'><em>ZooKeys</em></a> <strong>123</strong>: 1-100<!--MARK--> [Date published 15 August 2011]","","Article in Journal","64908f75-456b-4da8-a82b-c569b4806c22","20120617T23:14:14.592+0000","8cb7bef9-51f4-441c-a060-649dc8095e71"
"","","daviesae","Austrarchaea daviesae Forster & Platnick, 1984","ARCHAEIDAE","Austrarchaea","","daviesae","","Valid Name","","Species","","Forster & Platnick","1984","Y","5fe010ff-9299-44d5-a533-88d6f3744d08","20200909T08:37:50.878+0000","817caa1b-c8ab-427e-aa78-7785ac00468a","20201015T04:02:32.165+0000","db818fed-3153-4a60-bebc-f58beeab5fe2","817caa1b-c8ab-427e-aa78-7785ac00468a","","","","","","","","","","","","","","",""
"","","daviesae","Austarchaea daviesae Forster & Platnick, 1984","","Austarchaea","","daviesae","","Synonym","synonym","Species","","Forster & Platnick","1984","Y","d84f508d-599e-4a7a-b1bc-cdc2fd09a110","20200909T08:37:50.878+0000","817caa1b-c8ab-427e-aa78-7785ac00468a","20201015T04:02:32.165+0000","","2f52e856-e079-43d9-a4e7-a7a3a821c5f2","Forster, R.R. & Platnick, N.I.","1984","A review of the archaeid spiders and their relatives, with notes on the limits of the Superfamily Palpimanoidea (Arachnida, Araneae)","1-106","","Bulletin of the American Museum of Natural History","","","","<!--MARK--><a href='../../../../publication/8a92cf96-13dd-4221-ac7a-1b395db0a424' class='mouseoverHref'>Forster, R.R. & Platnick, N.I. 1984. A review of the archaeid spiders and their relatives, with notes on the limits of the Superfamily Palpimanoidea (Arachnida, Araneae).</a> <!--MARK--><!--MARK--><a href='../../../../publication/fb7ce990-e955-4634-bf04-a37f265e0778' class='mouseoverHref'><em>Bulletin of the American Museum of Natural History</em></a> <strong>178</strong>: 1-106<!--MARK-->","","Article in Journal","8a92cf96-13dd-4221-ac7a-1b395db0a424","20081009T05:11:37.000+0000","fb7ce990-e955-4634-bf04-a37f265e0778"
"","","dianneae","Austrarchaea dianneae Rix & Harvey, 2011","ARCHAEIDAE","Austrarchaea","","dianneae","","Valid Name","","Species","","Rix & Harvey","2011","Y","c4cb144d-633f-4b8a-8900-b1b3aa448a8e","20200909T08:37:50.878+0000","619880ba-4e44-4e74-ad46-f11a89421510","20201015T04:02:32.165+0000","db818fed-3153-4a60-bebc-f58beeab5fe2","619880ba-4e44-4e74-ad46-f11a89421510","","","","","","","","","","","","","","",""
"","","dianneae","Austrarchaea dianneae Rix & Harvey, 2011","ARCHAEIDAE","Austrarchaea","","dianneae","","Synonym","synonym","Species","","Rix & Harvey","2011","Y","e3c52f40-1aa1-45de-b610-196becb59a3a","20200909T08:37:50.878+0000","619880ba-4e44-4e74-ad46-f11a89421510","20201015T04:02:32.165+0000","","31e499d1-0f13-4a0e-aa31-0956e0a0e314","Rix, M.G. & Harvey, M.S.","2011","Australian Assassins, Part I: A review of the Assassin Spiders (Araneae, Archaeidae) of mid-eastern Australia","1-100","","ZooKeys","","15 August 2011","","<!--MARK--><a href='../../../../publication/64908f75-456b-4da8-a82b-c569b4806c22' class='mouseoverHref'>Rix, M.G. & Harvey, M.S. 2011. Australian Assassins, Part I: A review of the Assassin Spiders (Araneae, Archaeidae) of mid-eastern Australia.</a> <!--MARK--><!--MARK--><a href='../../../../publication/8cb7bef9-51f4-441c-a060-649dc8095e71' class='mouseoverHref'><em>ZooKeys</em></a> <strong>123</strong>: 1-100<!--MARK--> [Date published 15 August 2011]","","Article in Journal","64908f75-456b-4da8-a82b-c569b4806c22","20120617T23:14:14.592+0000","8cb7bef9-51f4-441c-a060-649dc8095e71"
"","","harmsi","Austrarchaea harmsi Rix & Harvey, 2011","ARCHAEIDAE","Austrarchaea","","harmsi","","Valid Name","","Species","","Rix & Harvey","2011","Y","7df9e56e-9f37-4db4-91ac-1d2a757aabd7","20200909T08:37:50.878+0000","37f047ca-ac43-456e-b808-bc788f0252a6","20201015T04:02:32.165+0000","db818fed-3153-4a60-bebc-f58beeab5fe2","37f047ca-ac43-456e-b808-bc788f0252a6","","","","","","","","","","","","","","",""
"","","Bunya Mountains Assassin Spider","","","","","","","Common Name","Preferred","Species","","","","","1e3cadbf-bff2-4b92-bbce-307a0b57d9ee","20200909T08:37:50.878+0000","37f047ca-ac43-456e-b808-bc788f0252a6","20201015T04:02:32.165+0000","","","","","","","","","","","","","","","","",""
"","","harmsi","Austrarchaea harmsi Rix & Harvey, 2011","ARCHAEIDAE","Austrarchaea","","harmsi","","Synonym","synonym","Species","","Rix & Harvey","2011","Y","0d35acf0-ae10-4d37-be70-7090190638b1","20200909T08:37:50.878+0000","37f047ca-ac43-456e-b808-bc788f0252a6","20201015T04:02:32.165+0000","","274a9ab6-67c1-4563-99c7-8cd19d26aa8d","Rix, M.G. & Harvey, M.S.","2011","Australian Assassins, Part I: A review of the Assassin Spiders (Araneae, Archaeidae) of mid-eastern Australia","1-100","","ZooKeys","","15 August 2011","","<!--MARK--><a href='../../../../publication/64908f75-456b-4da8-a82b-c569b4806c22' class='mouseoverHref'>Rix, M.G. & Harvey, M.S. 2011. Australian Assassins, Part I: A review of the Assassin Spiders (Araneae, Archaeidae) of mid-eastern Australia.</a> <!--MARK--><!--MARK--><a href='../../../../publication/8cb7bef9-51f4-441c-a060-649dc8095e71' class='mouseoverHref'><em>ZooKeys</em></a> <strong>123</strong>: 1-100<!--MARK--> [Date published 15 August 2011]","","Article in Journal","64908f75-456b-4da8-a82b-c569b4806c22","20120617T23:14:14.592+0000","8cb7bef9-51f4-441c-a060-649dc8095e71"
"","","helenae","Austrarchaea helenae Rix & Harvey, 2011","ARCHAEIDAE","Austrarchaea","","helenae","","Valid Name","","Species","","Rix & Harvey","2011","Y","f75a0d71-3b52-4a9a-8446-41d81d732f60","20200909T08:37:50.878+0000","d6c91331-5ecb-494f-a2a0-a63d015760b4","20201015T04:02:32.165+0000","db818fed-3153-4a60-bebc-f58beeab5fe2","d6c91331-5ecb-494f-a2a0-a63d015760b4","","","","","","","","","","","","","","",""
"","","helenae","Austrarchaea helenae Rix & Harvey, 2011","ARCHAEIDAE","Austrarchaea","","helenae","","Synonym","synonym","Species","","Rix & Harvey","2011","Y","aec0d67b-db02-4dda-92be-50bdcc14aa1a","20200909T08:37:50.878+0000","d6c91331-5ecb-494f-a2a0-a63d015760b4","20201015T04:02:32.165+0000","","2d657b8a-a38b-408d-b44c-6d7bb7a4a071","Rix, M.G. & Harvey, M.S.","2011","Australian Assassins, Part I: A review of the Assassin Spiders (Araneae, Archaeidae) of mid-eastern Australia","1-100","","ZooKeys","","15 August 2011","","<!--MARK--><a href='../../../../publication/64908f75-456b-4da8-a82b-c569b4806c22' class='mouseoverHref'>Rix, M.G. & Harvey, M.S. 2011. Australian Assassins, Part I: A review of the Assassin Spiders (Araneae, Archaeidae) of mid-eastern Australia.</a> <!--MARK--><!--MARK--><a href='../../../../publication/8cb7bef9-51f4-441c-a060-649dc8095e71' class='mouseoverHref'><em>ZooKeys</em></a> <strong>123</strong>: 1-100<!--MARK--> [Date published 15 August 2011]","","Article in Journal","64908f75-456b-4da8-a82b-c569b4806c22","20120617T23:14:14.592+0000","8cb7bef9-51f4-441c-a060-649dc8095e71"
"","","hoskini","Austrarchaea hoskini Rix & Harvey, 2012","ARCHAEIDAE","Austrarchaea","","hoskini","","Valid Name","","Species","","Rix & Harvey","2012","Y","e423edf0-435a-4f79-9fc1-5c4c84b18eaa","20200909T08:37:50.878+0000","ab908af7-b648-4ab2-ab25-f717dcce7ed9","20201015T04:02:32.165+0000","db818fed-3153-4a60-bebc-f58beeab5fe2","ab908af7-b648-4ab2-ab25-f717dcce7ed9","","","","","","","","","","","","","","",""
"","","hoskini","Austrarchaea hoskini Rix & Harvey, 2012","ARCHAEIDAE","Austrarchaea","","hoskini","","Synonym","synonym","Species","","Rix & Harvey","2012","Y","a3877c84-9304-487b-b135-5fd2e165c276","20200909T08:37:50.878+0000","ab908af7-b648-4ab2-ab25-f717dcce7ed9","20201015T04:02:32.165+0000","","11adc6da-7b49-4fec-b400-c2faf849edb6","Rix, M.G. & Harvey, M.S.","2012","Australian Assassins, Part III: A review of the Assassin Spiders (Araneae, Archaeidae) of tropical north-eastern Queensland","1-55","","ZooKeys","","","","<!--MARK--><a href='../../../../publication/5a1e14eb-0b95-4c77-bb45-efeb5fb3475e' class='mouseoverHref'>Rix, M.G. & Harvey, M.S. 2012. Australian Assassins, Part III: A review of the Assassin Spiders (Araneae, Archaeidae) of tropical north-eastern Queensland.</a> <!--MARK--><!--MARK--><a href='../../../../publication/8cb7bef9-51f4-441c-a060-649dc8095e71' class='mouseoverHref'><em>ZooKeys</em></a> <strong>218</strong>: 1-55<!--MARK-->","","Article in Journal","5a1e14eb-0b95-4c77-bb45-efeb5fb3475e","20130821T04:10:42.680+0000","8cb7bef9-51f4-441c-a060-649dc8095e71"
"","","judyae","Austrarchaea judyae Rix & Harvey, 2011","ARCHAEIDAE","Austrarchaea","","judyae","","Valid Name","","Species","","Rix & Harvey","2011","Y","ce477e95-8a57-4162-b968-4687d4f88574","20200909T08:37:50.878+0000","2bc15b2f-b124-4966-98b9-f823013da092","20201015T04:02:32.165+0000","db818fed-3153-4a60-bebc-f58beeab5fe2","2bc15b2f-b124-4966-98b9-f823013da092","","","","","","","","","","","","","","",""
"","","Sunshine Hinterland Assassin Spider","","","","","","","Common Name","Preferred","Species","","","","","e80324e5-9617-4916-8502-914bb9635bf8","20200909T08:37:50.878+0000","2bc15b2f-b124-4966-98b9-f823013da092","20201015T04:02:32.165+0000","","","","","","","","","","","","","","","","",""
"","","judyae","Austrarchaea judyae Rix & Harvey, 2011","ARCHAEIDAE","Austrarchaea","","judyae","","Synonym","synonym","Species","","Rix & Harvey","2011","Y","3c808b4a-7127-4f76-a554-10d5083e923d","20200909T08:37:50.878+0000","2bc15b2f-b124-4966-98b9-f823013da092","20201015T04:02:32.165+0000","","dc7dc8ff-f099-4c09-83e7-1cf70b82ed56","Rix, M.G. & Harvey, M.S.","2011","Australian Assassins, Part I: A review of the Assassin Spiders (Araneae, Archaeidae) of mid-eastern Australia","1-100","","ZooKeys","","15 August 2011","","<!--MARK--><a href='../../../../publication/64908f75-456b-4da8-a82b-c569b4806c22' class='mouseoverHref'>Rix, M.G. & Harvey, M.S. 2011. Australian Assassins, Part I: A review of the Assassin Spiders (Araneae, Archaeidae) of mid-eastern Australia.</a> <!--MARK--><!--MARK--><a href='../../../../publication/8cb7bef9-51f4-441c-a060-649dc8095e71' class='mouseoverHref'><em>ZooKeys</em></a> <strong>123</strong>: 1-100<!--MARK--> [Date published 15 August 2011]","","Article in Journal","64908f75-456b-4da8-a82b-c569b4806c22","20120617T23:14:14.592+0000","8cb7bef9-51f4-441c-a060-649dc8095e71"
"","","karenae","Austrarchaea karenae Rix & Harvey, 2012","ARCHAEIDAE","Austrarchaea","","karenae","","Valid Name","","Species","","Rix & Harvey","2012","Y","3bdbc3a7-d93c-47c6-8097-972d1a58fa41","20200909T08:37:50.878+0000","03ae6d7b-c559-4ac3-a4f4-0e1bb574db6e","20201015T04:02:32.165+0000","db818fed-3153-4a60-bebc-f58beeab5fe2","03ae6d7b-c559-4ac3-a4f4-0e1bb574db6e","","","","","","","","","","","","","","",""
"","","karenae","Austrarchaea karenae Rix & Harvey, 2012","ARCHAEIDAE","Austrarchaea","","karenae","","Synonym","synonym","Species","","Rix & Harvey","2012","Y","2f1e41be-68af-4634-9d0b-eea7cc779162","20200909T08:37:50.878+0000","03ae6d7b-c559-4ac3-a4f4-0e1bb574db6e","20201015T04:02:32.165+0000","","0a932e90-15cb-4ca2-acaf-322b336e8b6d","Rix, M.G. & Harvey, M.S.","2012","Australian Assassins, Part III: A review of the Assassin Spiders (Araneae, Archaeidae) of tropical north-eastern Queensland","1-55","","ZooKeys","","","","<!--MARK--><a href='../../../../publication/5a1e14eb-0b95-4c77-bb45-efeb5fb3475e' class='mouseoverHref'>Rix, M.G. & Harvey, M.S. 2012. Australian Assassins, Part III: A review of the Assassin Spiders (Araneae, Archaeidae) of tropical north-eastern Queensland.</a> <!--MARK--><!--MARK--><a href='../../../../publication/8cb7bef9-51f4-441c-a060-649dc8095e71' class='mouseoverHref'><em>ZooKeys</em></a> <strong>218</strong>: 1-55<!--MARK-->","","Article in Journal","5a1e14eb-0b95-4c77-bb45-efeb5fb3475e","20130821T04:10:42.680+0000","8cb7bef9-51f4-441c-a060-649dc8095e71"
"","","mascordi","Austrarchaea mascordi Rix & Harvey, 2011","ARCHAEIDAE","Austrarchaea","","mascordi","","Valid Name","","Species","","Rix & Harvey","2011","Y","e27ffdef-16c5-4241-b538-f34bf591008c","20200909T08:37:50.878+0000","acebf69b-a7d0-4670-bfc4-3796dbc485b5","20201015T04:02:32.165+0000","db818fed-3153-4a60-bebc-f58beeab5fe2","acebf69b-a7d0-4670-bfc4-3796dbc485b5","","","","","","","","","","","","","","",""
"","","mascordi","Austrarchaea mascordi Rix & Harvey, 2011","ARCHAEIDAE","Austrarchaea","","mascordi","","Synonym","synonym","Species","","Rix & Harvey","2011","Y","1d69a951-dc10-48e8-9a77-b6f28330ef53","20200909T08:37:50.878+0000","acebf69b-a7d0-4670-bfc4-3796dbc485b5","20201015T04:02:32.165+0000","","4c1e373f-0fc6-455a-8952-b5a862dd1c6e","Rix, M.G. & Harvey, M.S.","2011","Australian Assassins, Part I: A review of the Assassin Spiders (Araneae, Archaeidae) of mid-eastern Australia","1-100","","ZooKeys","","15 August 2011","","<!--MARK--><a href='../../../../publication/64908f75-456b-4da8-a82b-c569b4806c22' class='mouseoverHref'>Rix, M.G. & Harvey, M.S. 2011. Australian Assassins, Part I: A review of the Assassin Spiders (Araneae, Archaeidae) of mid-eastern Australia.</a> <!--MARK--><!--MARK--><a href='../../../../publication/8cb7bef9-51f4-441c-a060-649dc8095e71' class='mouseoverHref'><em>ZooKeys</em></a> <strong>123</strong>: 1-100<!--MARK--> [Date published 15 August 2011]","","Article in Journal","64908f75-456b-4da8-a82b-c569b4806c22","20120617T23:14:14.592+0000","8cb7bef9-51f4-441c-a060-649dc8095e71"
"","","mcguiganae","Austrarchaea mcguiganae Rix & Harvey, 2011","ARCHAEIDAE","Austrarchaea","","mcguiganae","","Valid Name","","Species","","Rix & Harvey","2011","Y","6401beaa-6b0b-47e1-867c-f796d8ec2e08","20200909T08:37:50.878+0000","cfaef60b-1766-41ea-b150-368a5bf8f326","20201015T04:02:32.165+0000","db818fed-3153-4a60-bebc-f58beeab5fe2","cfaef60b-1766-41ea-b150-368a5bf8f326","","","","","","","","","","","","","","",""
"","","mcguiganae","Austrarchaea mcguiganae Rix & Harvey, 2011","ARCHAEIDAE","Austrarchaea","","mcguiganae","","Synonym","synonym","Species","","Rix & Harvey","2011","Y","21b4ef04-b887-4e35-becf-2093a086ced4","20200909T08:37:50.878+0000","cfaef60b-1766-41ea-b150-368a5bf8f326","20201015T04:02:32.165+0000","","d62215be-579b-4ee8-9de2-7778fcc089ce","Rix, M.G. & Harvey, M.S.","2011","Australian Assassins, Part I: A review of the Assassin Spiders (Araneae, Archaeidae) of mid-eastern Australia","1-100","","ZooKeys","","15 August 2011","","<!--MARK--><a href='../../../../publication/64908f75-456b-4da8-a82b-c569b4806c22' class='mouseoverHref'>Rix, M.G. & Harvey, M.S. 2011. Australian Assassins, Part I: A review of the Assassin Spiders (Araneae, Archaeidae) of mid-eastern Australia.</a> <!--MARK--><!--MARK--><a href='../../../../publication/8cb7bef9-51f4-441c-a060-649dc8095e71' class='mouseoverHref'><em>ZooKeys</em></a> <strong>123</strong>: 1-100<!--MARK--> [Date published 15 August 2011]","","Article in Journal","64908f75-456b-4da8-a82b-c569b4806c22","20120617T23:14:14.592+0000","8cb7bef9-51f4-441c-a060-649dc8095e71"
"","","milledgei","Austrarchaea milledgei Rix & Harvey, 2011","ARCHAEIDAE","Austrarchaea","","milledgei","","Valid Name","","Species","","Rix & Harvey","2011","Y","34d110ec-ea32-428b-8078-ddab52b8b3d3","20200909T08:37:50.878+0000","7b410dc0-071b-47a7-a16b-2c5f85f374f6","20201015T04:02:32.165+0000","db818fed-3153-4a60-bebc-f58beeab5fe2","7b410dc0-071b-47a7-a16b-2c5f85f374f6","","","","","","","","","","","","","","",""
"","","milledgei","Austrarchaea milledgei Rix & Harvey, 2011","ARCHAEIDAE","Austrarchaea","","milledgei","","Synonym","synonym","Species","","Rix & Harvey","2011","Y","b76efb26-1b91-4834-a0d4-7f6aed840ba3","20200909T08:37:50.878+0000","7b410dc0-071b-47a7-a16b-2c5f85f374f6","20201015T04:02:32.165+0000","","ab95c592-7bde-4998-b604-e9ba2dfe3d7b","Rix, M.G. & Harvey, M.S.","2011","Australian Assassins, Part I: A review of the Assassin Spiders (Araneae, Archaeidae) of mid-eastern Australia","1-100","","ZooKeys","","15 August 2011","","<!--MARK--><a href='../../../../publication/64908f75-456b-4da8-a82b-c569b4806c22' class='mouseoverHref'>Rix, M.G. & Harvey, M.S. 2011. Australian Assassins, Part I: A review of the Assassin Spiders (Araneae, Archaeidae) of mid-eastern Australia.</a> <!--MARK--><!--MARK--><a href='../../../../publication/8cb7bef9-51f4-441c-a060-649dc8095e71' class='mouseoverHref'><em>ZooKeys</em></a> <strong>123</strong>: 1-100<!--MARK--> [Date published 15 August 2011]","","Article in Journal","64908f75-456b-4da8-a82b-c569b4806c22","20120617T23:14:14.592+0000","8cb7bef9-51f4-441c-a060-649dc8095e71"
"","","monteithi","Austrarchaea monteithi Rix & Harvey, 2011","ARCHAEIDAE","Austrarchaea","","monteithi","","Valid Name","","Species","","Rix & Harvey","2011","Y","4d7fd33a-c709-413a-a635-488532a4e951","20200909T08:37:50.878+0000","d19812ac-33e8-4c6a-ad70-d96315751c98","20201015T04:02:32.165+0000","db818fed-3153-4a60-bebc-f58beeab5fe2","d19812ac-33e8-4c6a-ad70-d96315751c98","","","","","","","","","","","","","","",""
"","","Gibraltar Range Assassin Spider","","","","","","","Common Name","Preferred","Species","","","","","628227d5-feda-4321-b665-9503a907bbc0","20200909T08:37:50.878+0000","d19812ac-33e8-4c6a-ad70-d96315751c98","20201015T04:02:32.165+0000","","","","","","","","","","","","","","","","",""
"","","monteithi","Austrarchaea monteithi Rix & Harvey, 2011","ARCHAEIDAE","Austrarchaea","","monteithi","","Synonym","synonym","Species","","Rix & Harvey","2011","Y","48b74d50-35ac-4f76-8639-8e5b4e1e8610","20200909T08:37:50.878+0000","d19812ac-33e8-4c6a-ad70-d96315751c98","20201015T04:02:32.165+0000","","dce83324-5048-4b4e-9769-2d6a8eb20193","Rix, M.G. & Harvey, M.S.","2011","Australian Assassins, Part I: A review of the Assassin Spiders (Araneae, Archaeidae) of mid-eastern Australia","1-100","","ZooKeys","","15 August 2011","","<!--MARK--><a href='../../../../publication/64908f75-456b-4da8-a82b-c569b4806c22' class='mouseoverHref'>Rix, M.G. & Harvey, M.S. 2011. Australian Assassins, Part I: A review of the Assassin Spiders (Araneae, Archaeidae) of mid-eastern Australia.</a> <!--MARK--><!--MARK--><a href='../../../../publication/8cb7bef9-51f4-441c-a060-649dc8095e71' class='mouseoverHref'><em>ZooKeys</em></a> <strong>123</strong>: 1-100<!--MARK--> [Date published 15 August 2011]","","Article in Journal","64908f75-456b-4da8-a82b-c569b4806c22","20120617T23:14:14.592+0000","8cb7bef9-51f4-441c-a060-649dc8095e71"
"","","nodosa","Austrarchaea nodosa (Forster, 1956)","ARCHAEIDAE","Austrarchaea","","nodosa","","Valid Name","","Species","","Forster","1956","N","e212d74b-d56d-4f45-9f7a-d2257a2cab6e","20200909T08:37:50.878+0000","156d7b79-3690-4cdf-875a-8356aab3b6cf","20201015T04:02:32.165+0000","db818fed-3153-4a60-bebc-f58beeab5fe2","156d7b79-3690-4cdf-875a-8356aab3b6cf","","","","","","","","","","","","","","",""
"","","nodosa","Archaea nodosa Forster, 1956","","Archaea","","nodosa","","Synonym","synonym","Species","","Forster","1956","Y","81c907ef-52c6-4379-ac16-ab54489030de","20200909T08:37:50.878+0000","156d7b79-3690-4cdf-875a-8356aab3b6cf","20201015T04:02:32.165+0000","","b4549626-58e7-4156-a3ab-53f62004f429","Forster, R.R.","1956","A new spider of the genus <i>Archaea</i> from Australia","151-154","","Memoirs of the Queensland Museum","","","","<!--MARK--><a href='../../../../publication/f3f7c6d2-2836-49eb-a4bb-c735e7f97f1e' class='mouseoverHref'>Forster, R.R. 1956. A new spider of the genus <i>Archaea</i> from Australia.</a> <!--MARK--><!--MARK--><a href='../../../../publication/1a0a2982-9f30-43e1-a641-b0379699837c' class='mouseoverHref'><em>Memoirs of the Queensland Museum</em></a> <strong>13</strong>: 151-154<!--MARK-->","","Article in Journal","f3f7c6d2-2836-49eb-a4bb-c735e7f97f1e","20081009T05:11:37.000+0000","1a0a2982-9f30-43e1-a641-b0379699837c"
"","","platnickorum","Austrarchaea platnickorum Rix & Harvey, 2011","ARCHAEIDAE","Austrarchaea","","platnickorum","","Valid Name","","Species","","Rix & Harvey","2011","Y","eb840a96-b258-460f-8499-7d07ea180f14","20200909T08:37:50.878+0000","9349326e-9202-49dc-8cd6-e1bddb0a8e60","20201015T04:02:32.165+0000","db818fed-3153-4a60-bebc-f58beeab5fe2","9349326e-9202-49dc-8cd6-e1bddb0a8e60","","","","","","","","","","","","","","",""
"","","platnickorum","Austrarchaea platnickorum Rix & Harvey, 2011","ARCHAEIDAE","Austrarchaea","","platnickorum","","Synonym","synonym","Species","","Rix & Harvey","2011","Y","684bb689-907c-468d-9935-05fa8ab130e0","20200909T08:37:50.878+0000","9349326e-9202-49dc-8cd6-e1bddb0a8e60","20201015T04:02:32.165+0000","","ec19b845-5b88-45e6-b52d-ad2640b76def","Rix, M.G. & Harvey, M.S.","2011","Australian Assassins, Part I: A review of the Assassin Spiders (Araneae, Archaeidae) of mid-eastern Australia","1-100","","ZooKeys","","15 August 2011","","<!--MARK--><a href='../../../../publication/64908f75-456b-4da8-a82b-c569b4806c22' class='mouseoverHref'>Rix, M.G. & Harvey, M.S. 2011. Australian Assassins, Part I: A review of the Assassin Spiders (Araneae, Archaeidae) of mid-eastern Australia.</a> <!--MARK--><!--MARK--><a href='../../../../publication/8cb7bef9-51f4-441c-a060-649dc8095e71' class='mouseoverHref'><em>ZooKeys</em></a> <strong>123</strong>: 1-100<!--MARK--> [Date published 15 August 2011]","","Article in Journal","64908f75-456b-4da8-a82b-c569b4806c22","20120617T23:14:14.592+0000","8cb7bef9-51f4-441c-a060-649dc8095e71"
"","","raveni","Austrarchaea raveni Rix & Harvey, 2011","ARCHAEIDAE","Austrarchaea","","raveni","","Valid Name","","Species","","Rix & Harvey","2011","Y","86b9b40b-9d71-488d-84ce-bc5a308144f7","20200909T08:37:50.878+0000","8d0c3c1c-7549-4cc3-926e-9bb8b2d83de0","20201015T04:02:32.165+0000","db818fed-3153-4a60-bebc-f58beeab5fe2","8d0c3c1c-7549-4cc3-926e-9bb8b2d83de0","","","","","","","","","","","","","","",""
"","","D?Aguilar Range Assassin Spider","","","","","","","Common Name","Preferred","Species","","","","","b9782bcb-fbee-4dd6-9266-222c92d44d4c","20200909T08:37:50.878+0000","8d0c3c1c-7549-4cc3-926e-9bb8b2d83de0","20201015T04:02:32.165+0000","","536a0e18-4ada-447a-8b6b-ae1911545375","Rix, M.G. & Harvey, M.S.","2011","Australian Assassins, Part I: A review of the Assassin Spiders (Araneae, Archaeidae) of mid-eastern Australia","1-100","","ZooKeys","","15 August 2011","","<!--MARK--><a href='../../../../publication/64908f75-456b-4da8-a82b-c569b4806c22' class='mouseoverHref'>Rix, M.G. & Harvey, M.S. 2011. Australian Assassins, Part I: A review of the Assassin Spiders (Araneae, Archaeidae) of mid-eastern Australia.</a> <!--MARK--><!--MARK--><a href='../../../../publication/8cb7bef9-51f4-441c-a060-649dc8095e71' class='mouseoverHref'><em>ZooKeys</em></a> <strong>123</strong>: 1-100<!--MARK--> [Date published 15 August 2011]","","Article in Journal","64908f75-456b-4da8-a82b-c569b4806c22","20120617T23:14:14.592+0000","8cb7bef9-51f4-441c-a060-649dc8095e71"
"","","raveni","Austrarchaea raveni Rix & Harvey, 2011","ARCHAEIDAE","Austrarchaea","","raveni","","Synonym","synonym","Species","","Rix & Harvey","2011","Y","6c68710c-8a4d-4396-96c8-0cab0551e026","20200909T08:37:50.878+0000","8d0c3c1c-7549-4cc3-926e-9bb8b2d83de0","20201015T04:02:32.165+0000","","2fc20a95-8077-4f4c-89a9-43b6cdb09ab7","Rix, M.G. & Harvey, M.S.","2011","Australian Assassins, Part I: A review of the Assassin Spiders (Araneae, Archaeidae) of mid-eastern Australia","1-100","","ZooKeys","","15 August 2011","","<!--MARK--><a href='../../../../publication/64908f75-456b-4da8-a82b-c569b4806c22' class='mouseoverHref'>Rix, M.G. & Harvey, M.S. 2011. Australian Assassins, Part I: A review of the Assassin Spiders (Araneae, Archaeidae) of mid-eastern Australia.</a> <!--MARK--><!--MARK--><a href='../../../../publication/8cb7bef9-51f4-441c-a060-649dc8095e71' class='mouseoverHref'><em>ZooKeys</em></a> <strong>123</strong>: 1-100<!--MARK--> [Date published 15 August 2011]","","Article in Journal","64908f75-456b-4da8-a82b-c569b4806c22","20120617T23:14:14.592+0000","8cb7bef9-51f4-441c-a060-649dc8095e71"
"","","smithae","Austrarchaea smithae Rix & Harvey, 2011","ARCHAEIDAE","Austrarchaea","","smithae","","Valid Name","","Species","","Rix & Harvey","2011","Y","367034a8-60df-4908-a762-cd37dfff38b4","20200909T08:37:50.878+0000","e05b16be-977b-4d6c-b8e0-4d24f00eb068","20201015T04:02:32.165+0000","db818fed-3153-4a60-bebc-f58beeab5fe2","e05b16be-977b-4d6c-b8e0-4d24f00eb068","","","","","","","","","","","","","","",""
"","","smithae","Austrarchaea smithae Rix & Harvey, 2011","ARCHAEIDAE","Austrarchaea","","smithae","","Synonym","synonym","Species","","Rix & Harvey","2011","Y","c35da4ea-7aef-4b40-9f14-e968fc109826","20200909T08:37:50.878+0000","e05b16be-977b-4d6c-b8e0-4d24f00eb068","20201015T04:02:32.165+0000","","4b5fffb7-0b8b-40f5-9abf-0e1fb09229f6","Rix, M.G. & Harvey, M.S.","2011","Australian Assassins, Part I: A review of the Assassin Spiders (Araneae, Archaeidae) of mid-eastern Australia","1-100","","ZooKeys","","15 August 2011","","<!--MARK--><a href='../../../../publication/64908f75-456b-4da8-a82b-c569b4806c22' class='mouseoverHref'>Rix, M.G. & Harvey, M.S. 2011. Australian Assassins, Part I: A review of the Assassin Spiders (Araneae, Archaeidae) of mid-eastern Australia.</a> <!--MARK--><!--MARK--><a href='../../../../publication/8cb7bef9-51f4-441c-a060-649dc8095e71' class='mouseoverHref'><em>ZooKeys</em></a> <strong>123</strong>: 1-100<!--MARK--> [Date published 15 August 2011]","","Article in Journal","64908f75-456b-4da8-a82b-c569b4806c22","20120617T23:14:14.592+0000","8cb7bef9-51f4-441c-a060-649dc8095e71"
"","","tealei","Austrarchaea tealei Rix & Harvey, 2012","ARCHAEIDAE","Austrarchaea","","tealei","","Valid Name","","Species","","Rix & Harvey","2012","Y","9fc0ca23-3cab-4634-80be-6656fa90a8a3","20200909T08:37:50.878+0000","ab501ffa-5da2-4471-8e1e-5b44edf06950","20201015T04:02:32.165+0000","db818fed-3153-4a60-bebc-f58beeab5fe2","ab501ffa-5da2-4471-8e1e-5b44edf06950","","","","","","","","","","","","","","",""
"","","tealei","Austrarchaea tealei Rix & Harvey, 2012","","Austrarchaea","","tealei","","Synonym","synonym","Species","","Rix & Harvey","2012","Y","758045f5-7ab3-4d4b-b8f8-875a7cc75e5b","20200909T08:37:50.878+0000","ab501ffa-5da2-4471-8e1e-5b44edf06950","20201015T04:02:32.165+0000","","fad8d099-c57a-455d-899d-2b9284721603","Rix, M.G. & Harvey, M.S.","2012","Australian Assassins, Part III: A review of the Assassin Spiders (Araneae, Archaeidae) of tropical north-eastern Queensland","1-55","","ZooKeys","","","","<!--MARK--><a href='../../../../publication/5a1e14eb-0b95-4c77-bb45-efeb5fb3475e' class='mouseoverHref'>Rix, M.G. & Harvey, M.S. 2012. Australian Assassins, Part III: A review of the Assassin Spiders (Araneae, Archaeidae) of tropical north-eastern Queensland.</a> <!--MARK--><!--MARK--><a href='../../../../publication/8cb7bef9-51f4-441c-a060-649dc8095e71' class='mouseoverHref'><em>ZooKeys</em></a> <strong>218</strong>: 1-55<!--MARK-->","","Article in Journal","5a1e14eb-0b95-4c77-bb45-efeb5fb3475e","20130821T04:10:42.680+0000","8cb7bef9-51f4-441c-a060-649dc8095e71"
"","","thompsoni","Austrarchaea thompsoni Rix & Harvey, 2012","ARCHAEIDAE","Austrarchaea","","thompsoni","","Valid Name","","Species","","Rix & Harvey","2012","Y","7afdfa0b-f039-4148-a348-6047a52a5189","20200909T08:37:50.878+0000","2d945dbe-3497-4751-ac1f-ed2d5dae3497","20201015T04:02:32.165+0000","db818fed-3153-4a60-bebc-f58beeab5fe2","2d945dbe-3497-4751-ac1f-ed2d5dae3497","","","","","","","","","","","","","","",""
"","","thompsoni","Austrarchaea thompsoni Rix & Harvey, 2012","ARCHAEIDAE","Austrarchaea","","thompsoni","","Synonym","synonym","Species","","Rix & Harvey","2012","Y","f56e8f7e-2b36-4c3f-af90-bde59e3e5a19","20200909T08:37:50.878+0000","2d945dbe-3497-4751-ac1f-ed2d5dae3497","20201015T04:02:32.165+0000","","e8eb9ab6-b969-4c53-ad61-fefa1aaf7f8e","Rix, M.G. & Harvey, M.S.","2012","Australian Assassins, Part III: A review of the Assassin Spiders (Araneae, Archaeidae) of tropical north-eastern Queensland","1-55","","ZooKeys","","","","<!--MARK--><a href='../../../../publication/5a1e14eb-0b95-4c77-bb45-efeb5fb3475e' class='mouseoverHref'>Rix, M.G. & Harvey, M.S. 2012. Australian Assassins, Part III: A review of the Assassin Spiders (Araneae, Archaeidae) of tropical north-eastern Queensland.</a> <!--MARK--><!--MARK--><a href='../../../../publication/8cb7bef9-51f4-441c-a060-649dc8095e71' class='mouseoverHref'><em>ZooKeys</em></a> <strong>218</strong>: 1-55<!--MARK-->","","Article in Journal","5a1e14eb-0b95-4c77-bb45-efeb5fb3475e","20130821T04:10:42.680+0000","8cb7bef9-51f4-441c-a060-649dc8095e71"
"","","wallacei","Austrarchaea wallacei Rix & Harvey, 2012","ARCHAEIDAE","Austrarchaea","","wallacei","","Valid Name","","Species","","Rix & Harvey","2012","Y","bb19b02d-ab88-4151-b127-a8101f6b3108","20200909T08:37:50.878+0000","481fda12-c4b9-4f9e-8cf5-870c450dbaa0","20201015T04:02:32.165+0000","db818fed-3153-4a60-bebc-f58beeab5fe2","481fda12-c4b9-4f9e-8cf5-870c450dbaa0","","","","","","","","","","","","","","",""
"","","wallacei","Austrarchaea wallacei Rix & Harvey, 2012","ARCHAEIDAE","Austrarchaea","","wallacei","","Synonym","synonym","Species","","Rix & Harvey","2012","Y","bd387321-df7f-478a-87e9-115d0a2038c7","20200909T08:37:50.878+0000","481fda12-c4b9-4f9e-8cf5-870c450dbaa0","20201015T04:02:32.165+0000","","21b1964b-b84f-4ef9-9a09-ffad68ddab73","Rix, M.G. & Harvey, M.S.","2012","Australian Assassins, Part III: A review of the Assassin Spiders (Araneae, Archaeidae) of tropical north-eastern Queensland","1-55","","ZooKeys","","","","<!--MARK--><a href='../../../../publication/5a1e14eb-0b95-4c77-bb45-efeb5fb3475e' class='mouseoverHref'>Rix, M.G. & Harvey, M.S. 2012. Australian Assassins, Part III: A review of the Assassin Spiders (Araneae, Archaeidae) of tropical north-eastern Queensland.</a> <!--MARK--><!--MARK--><a href='../../../../publication/8cb7bef9-51f4-441c-a060-649dc8095e71' class='mouseoverHref'><em>ZooKeys</em></a> <strong>218</strong>: 1-55<!--MARK-->","","Article in Journal","5a1e14eb-0b95-4c77-bb45-efeb5fb3475e","20130821T04:10:42.680+0000","8cb7bef9-51f4-441c-a060-649dc8095e71"
"","","westi","Austrarchaea westi Rix & Harvey, 2012","ARCHAEIDAE","Austrarchaea","","westi","","Valid Name","","Species","","Rix & Harvey","2012","Y","8e204103-ba75-4348-b0c0-664481cc0338","20200909T08:37:50.878+0000","9319395a-d676-42e8-b259-79ba8f058c88","20201015T04:02:32.165+0000","db818fed-3153-4a60-bebc-f58beeab5fe2","9319395a-d676-42e8-b259-79ba8f058c88","","","","","","","","","","","","","","",""
"","","westi","Austrarchaea westi Rix & Harvey, 2012","ARCHAEIDAE","Austrarchaea","","westi","","Synonym","synonym","Species","","Rix & Harvey","2012","Y","fe088600-aac2-4f36-8fb5-95ad976d785a","20200909T08:37:50.878+0000","9319395a-d676-42e8-b259-79ba8f058c88","20201015T04:02:32.165+0000","","9486e72d-c111-4b40-9a6d-caaffebe6ed1","Rix, M.G. & Harvey, M.S.","2012","Australian Assassins, Part III: A review of the Assassin Spiders (Araneae, Archaeidae) of tropical north-eastern Queensland","1-55","","ZooKeys","","","","<!--MARK--><a href='../../../../publication/5a1e14eb-0b95-4c77-bb45-efeb5fb3475e' class='mouseoverHref'>Rix, M.G. & Harvey, M.S. 2012. Australian Assassins, Part III: A review of the Assassin Spiders (Araneae, Archaeidae) of tropical north-eastern Queensland.</a> <!--MARK--><!--MARK--><a href='../../../../publication/8cb7bef9-51f4-441c-a060-649dc8095e71' class='mouseoverHref'><em>ZooKeys</em></a> <strong>218</strong>: 1-55<!--MARK-->","","Article in Journal","5a1e14eb-0b95-4c77-bb45-efeb5fb3475e","20130821T04:10:42.680+0000","8cb7bef9-51f4-441c-a060-649dc8095e71"
"","","woodae","Austrarchaea woodae Rix & Harvey, 2012","ARCHAEIDAE","Austrarchaea","","woodae","","Valid Name","","Species","","Rix & Harvey","2012","Y","079f7acc-f9d0-4198-9b78-e47f7ec55e9e","20200909T08:37:50.878+0000","666202de-b3a7-46c8-ad94-0d0019cfeea6","20201015T04:02:32.165+0000","db818fed-3153-4a60-bebc-f58beeab5fe2","666202de-b3a7-46c8-ad94-0d0019cfeea6","","","","","","","","","","","","","","",""
"","","Mount Bartle Frere Assassin Spider","","","","","","","Common Name","General","Species","","","","","1222cfd3-c40a-488b-a0bf-072ae96d7e00","20200909T08:37:50.878+0000","666202de-b3a7-46c8-ad94-0d0019cfeea6","20201015T04:02:32.165+0000","","","","","","","","","","","","","","","","",""
"","","woodae","Austrarchaea woodae Rix & Harvey, 2012","ARCHAEIDAE","Austrarchaea","","woodae","","Synonym","synonym","Species","","Rix & Harvey","2012","Y","755913ff-abc7-4a16-8459-e23af0d0f9f9","20200909T08:37:50.878+0000","666202de-b3a7-46c8-ad94-0d0019cfeea6","20201015T04:02:32.165+0000","","11d6695c-f184-41ba-8370-efa50af53a7c","Rix, M.G. & Harvey, M.S.","2012","Australian Assassins, Part III: A review of the Assassin Spiders (Araneae, Archaeidae) of tropical north-eastern Queensland","1-55","","ZooKeys","","","","<!--MARK--><a href='../../../../publication/5a1e14eb-0b95-4c77-bb45-efeb5fb3475e' class='mouseoverHref'>Rix, M.G. & Harvey, M.S. 2012. Australian Assassins, Part III: A review of the Assassin Spiders (Araneae, Archaeidae) of tropical north-eastern Queensland.</a> <!--MARK--><!--MARK--><a href='../../../../publication/8cb7bef9-51f4-441c-a060-649dc8095e71' class='mouseoverHref'><em>ZooKeys</em></a> <strong>218</strong>: 1-55<!--MARK-->","","Article in Journal","5a1e14eb-0b95-4c77-bb45-efeb5fb3475e","20130821T04:10:42.680+0000","8cb7bef9-51f4-441c-a060-649dc8095e71"
